{"concurrency": 64, "dispatch_p50_ms": 0.673, "dispatch_p99_ms": 1.015, "framework": "nats-bursting-go", "loaded_req_p50_ms": 7.643, "loaded_req_p99_ms": 9.765, "setup_s": 11.132942091, "task": "tiny", "throughput_docs_s": 8035.687559878428, "throughput_req_s": 8035.687559878428, "workers": 1}