{"concurrency": 64, "dispatch_p50_ms": 0.846, "dispatch_p99_ms": 49.465, "framework": "nats-bursting-go", "loaded_req_p50_ms": 7.452, "loaded_req_p99_ms": 11.248, "setup_s": 10.93214446, "task": "tiny", "throughput_docs_s": 9106.433352154309, "throughput_req_s": 9106.433352154309, "workers": 2}