{"concurrency": 64, "dispatch_p50_ms": 0.862, "dispatch_p99_ms": 57.226, "framework": "nats-bursting-go", "loaded_req_p50_ms": 422.863, "loaded_req_p99_ms": 703.829, "setup_s": 15.15006433, "task": "embed", "throughput_docs_s": 9407.03336927991, "throughput_req_s": 146.9848963949986, "workers": 4}