{
 "M_surr": 299,
 "floor": 0.03,
 "n_boot": 2000,
 "domains": [
  {
   "title": "Two-state Markov",
   "physics": "ref",
   "pi": 0.4701750853378651,
   "lags": [
    1,
    3,
    5,
    7,
    9,
    11,
    13,
    15,
    17,
    19,
    21,
    23,
    25,
    27,
    29,
    31,
    33,
    35,
    37,
    39,
    41,
    43,
    45,
    46,
    51,
    56,
    61,
    66,
    71,
    76,
    81,
    86,
    91,
    96,
    101,
    106,
    111,
    116,
    121,
    126
   ],
   "gain": [
    -0.00017774549218196878,
    -5.177630351960172e-05,
    5.174225887294437e-05,
    -0.00011647256078239909,
    -0.00025723316586290235,
    -0.0004128098767575139,
    -0.00068610895424559,
    -0.0007746639125071342,
    -0.0009732631711313333,
    -0.0010267702003019519,
    -0.001138744750936671,
    -0.001251802110191158,
    -0.001373126988080231,
    -0.0015017652863623665,
    -0.0015344791551380466,
    -0.0014164462484965723,
    -0.00175228804458194,
    -0.0014300025043826325,
    -0.0014523685392002772,
    -0.00152801248582346,
    -0.0015659035772954688,
    -0.0017662721815465687,
    -0.0016193650904408052,
    -0.001498879176981771,
    -0.0014288540240087189,
    -0.001412179540642322,
    -0.02280643558175255,
    -0.0243837496520396,
    -0.030753862757130324,
    0.0001654769881096474,
    -0.0031741865746872655,
    -0.00529418479507926,
    -0.008648847646134161,
    -0.008476687072041744,
    -0.009383914190390197,
    -0.008905186689764366,
    -0.00749859195362268,
    -0.007222929339745221,
    -0.005449640433034975,
    -0.006049889959367505
   ],
   "max_gain": 0.0001654769881096474,
   "D_star": 76,
   "p_mc": 0.78,
   "eps_over": 0.0064752946606794395,
   "eps_under": 0.00013871238897615877,
   "equiv_U_two_tail": 0.00030418937708580617,
   "I_cond_LB_modelcal": 0.0,
   "paired_mean_at_Dstar": 0.02102577188058178,
   "paired_L95": 0.007042612911457005,
   "paired_U95": 0.04072467466190355,
   "I_cond_LB_blockboot": 9.919679324124182e-05,
   "block_len": 152,
   "n_boot": 2000,
   "seconds": 205.8
  },
  {
   "title": "i.i.d. null",
   "physics": "control",
   "pi": 0.49695557361485415,
   "lags": [
    1,
    3,
    5,
    7,
    9,
    11,
    13,
    15,
    17,
    19,
    21,
    23,
    25,
    27,
    29,
    31,
    33,
    35,
    37,
    39,
    41,
    43,
    45,
    46,
    51,
    56,
    61,
    66,
    71,
    76,
    81,
    86,
    91,
    96,
    101,
    106,
    111,
    116,
    121,
    126
   ],
   "gain": [
    -0.005073293224000075,
    -0.01580100492027714,
    0.003390170850983476,
    8.313591803277287e-05,
    0.002455181600410583,
    0.012085336694217963,
    -0.008394185502344553,
    0.003958509082817141,
    -0.007793781577085657,
    -0.004681225333080519,
    -0.010069034993033577,
    0.0007980098563499238,
    0.005635886167533077,
    -0.009308011884592515,
    0.005251230017261799,
    -0.008478737401195868,
    -0.00859512592547007,
    -0.01597003088738619,
    -0.0058093501274478765,
    -0.001969231811942307,
    -0.002121222557836866,
    0.0010165656769340892,
    -0.01493073339063522,
    -0.0036901028354072163,
    -0.0037858150860760054,
    -0.007043079342646752,
    -0.003388754613620315,
    -0.009148957147796122,
    -0.006907004575723963,
    0.003981957158047944,
    -0.004823066890502881,
    -0.0015661280574774672,
    0.0029067991945318505,
    -0.009372263087492949,
    -0.0033352327559258432,
    -0.005660998405976947,
    -0.0040346010989209535,
    -0.0012196727096044357,
    -0.0012325290776362685,
    -0.005883850371582344
   ],
   "max_gain": 0.012085336694217963,
   "D_star": 11,
   "p_mc": 0.023333333333333334,
   "eps_over": 0.01084404069690627,
   "eps_under": -0.0013552902081085173,
   "equiv_U_two_tail": 0.010730046486109446,
   "I_cond_LB_modelcal": 3.081631505884062e-06,
   "paired_mean_at_Dstar": 0.016114457831325302,
   "paired_L95": 0.008732429718875502,
   "paired_U95": 0.023694779116465864,
   "I_cond_LB_blockboot": 0.00015251065759020016,
   "block_len": 22,
   "n_boot": 2000,
   "seconds": 215.5
  },
  {
   "title": "LOCATA azimuth",
   "physics": "acoustics",
   "pi": 0.49433360191596176,
   "lags": [
    1,
    3,
    5,
    7,
    9,
    11,
    13,
    15,
    17,
    19,
    21,
    23,
    25,
    27,
    29,
    31,
    33,
    35,
    37,
    39,
    41,
    43,
    45,
    46,
    50,
    54,
    58,
    62,
    66,
    70,
    74,
    78,
    82,
    86,
    90,
    94,
    98,
    102,
    106,
    110,
    114,
    118
   ],
   "gain": [
    -0.001055398974955657,
    -0.0010165863309775647,
    -0.0009948375916102314,
    -0.0009456959697832223,
    -0.0008628935237738888,
    -0.0007942260689512981,
    -0.0007416369363439923,
    -0.0007053406769693682,
    -0.0006840017257889741,
    -0.0005807277705318636,
    -0.0004888970485953381,
    -0.00031781116775642104,
    -6.660624209142707e-05,
    -1.4006532851884579e-05,
    1.4155741779986464e-05,
    -0.00016471123497119322,
    -0.0002710487237698178,
    -0.00015490374051441158,
    -9.732132637985114e-05,
    -0.00015297807918657202,
    -0.0003652140954546468,
    -0.00033735459921102606,
    -0.00017022724959592228,
    -1.430859018891617e-05,
    0.0006705156892891084,
    0.0011808102545267651,
    0.0016356195939905005,
    0.0020333113777281087,
    0.0019739291473191978,
    0.002227142464849119,
    0.0028545015062452217,
    0.0036573779916354576,
    0.004140709820962263,
    0.004631619042768653,
    0.0052376101057871605,
    0.005798709498610832,
    0.006162191452937837,
    0.006701442725911555,
    0.007328114683158193,
    0.0074012571302924934,
    0.0075083488737408555,
    0.007898154948666858
   ],
   "max_gain": 0.007898154948666858,
   "D_star": 118,
   "p_mc": 0.06333333333333334,
   "eps_over": 0.008601090800296392,
   "eps_under": 0.01958488131929842,
   "equiv_U_two_tail": 0.027483036267965277,
   "I_cond_LB_modelcal": 0.0,
   "paired_mean_at_Dstar": -0.0012016479743648433,
   "paired_L95": -0.002632181277180133,
   "paired_U95": -5.722133211261158e-05,
   "I_cond_LB_blockboot": 0.0,
   "block_len": 236,
   "n_boot": 2000,
   "seconds": 216.3
  },
  {
   "title": "LOCATA VAD",
   "physics": "acoustics",
   "pi": 0.6356738491580936,
   "lags": [
    1,
    3,
    5,
    7,
    9,
    11,
    13,
    15,
    17,
    19,
    21,
    23,
    25,
    27,
    29,
    31,
    33,
    35,
    37,
    39,
    41,
    43,
    45,
    46,
    50,
    54,
    58,
    62,
    66,
    70,
    74,
    78,
    82,
    86,
    90,
    94,
    98,
    102,
    106,
    110,
    114,
    118
   ],
   "gain": [
    -7.97498604376834e-05,
    -0.00019601245952360902,
    -0.00039973362395617773,
    -0.000688646767081802,
    -0.0010676206552943102,
    -0.0015347808779638816,
    -0.002034607436301905,
    -0.0025665980189947257,
    -0.0030784915985575534,
    -0.0035137212727084366,
    -0.0039175375841744575,
    -0.013482113909002336,
    -0.013246540546827723,
    -0.020861685435902166,
    -0.02019231276386213,
    -0.03255414167710913,
    -0.030986528942044678,
    -0.025647142570625392,
    -0.02444990729093388,
    -0.022428754514858817,
    -0.03138802529954521,
    -0.02440773439691679,
    -0.018270996473835566,
    -0.01679474548318982,
    -0.03310557135670755,
    -0.02190270429642549,
    -0.01372519086134083,
    -0.007205645239380387,
    -0.0009962708481019433,
    -0.005414795345074164,
    -0.0072586172436657215,
    -0.02020909179685193,
    -0.0254374276686965,
    -0.04594467378668876,
    -0.04950165147936858,
    -0.0485547411505064,
    -0.031119114260610425,
    -0.030390132766067834,
    -0.023078850968955344,
    -0.02404712466649872,
    -0.02501482689298118,
    -0.03559439595928149
   ],
   "max_gain": -7.97498604376834e-05,
   "D_star": 1,
   "p_mc": 0.8166666666666667,
   "eps_over": 0.05213359841492731,
   "eps_under": 0.0003618119727611946,
   "equiv_U_two_tail": 0.0002820621123235112,
   "I_cond_LB_modelcal": 0.0,