{
  "meta": {
    "reps": 5,
    "n": 300,
    "n_js": 150,
    "url": "nats://100.68.134.21:4222"
  },
  "E1": [
    {
      "rtt": {
        "n_ok": 300,
        "mean_ms": 110.89125333198656,
        "p50_ms": 91.71695006079972,
        "p95_ms": 200.93023502267914,
        "p99_ms": 373.9001948898658,
        "sent": 300,
        "serial_rate_msgs_s": 9.017755012725845
      },
      "tp": {
        "n_ok": 300,
        "mean_ms": 93.16277233107637,
        "p50_ms": 89.67715001199394,
        "p95_ms": 127.21476998412982,
        "p99_ms": 185.13512203469872,
        "sent": 300,
        "concurrency": 16,
        "wall_s": 1.7955279999878258,
        "throughput_msgs_s": 167.08177204812964
      }
    },
    {
      "rtt": {
        "n_ok": 300,
        "mean_ms": 94.58115566444273,
        "p50_ms": 77.32254988513887,
        "p95_ms": 186.63354486925536,
        "p99_ms": 302.0007630088365,
        "sent": 300,
        "serial_rate_msgs_s": 10.572782277228967
      },
      "tp": {
        "n_ok": 300,
        "mean_ms": 90.42748032681023,
        "p50_ms": 84.6678001107648,
        "p95_ms": 128.49190996494147,
        "p99_ms": 141.65862379129968,
        "sent": 300,
        "concurrency": 16,
        "wall_s": 1.7686105000320822,
        "throughput_msgs_s": 169.6246855905006
      }
    },
    {
      "rtt": {
        "n_ok": 300,
        "mean_ms": 109.67216899851337,
        "p50_ms": 76.88375003635883,
        "p95_ms": 276.37961994623765,
        "p99_ms": 484.29874800611265,
        "sent": 300,
        "serial_rate_msgs_s": 9.117963248349062
      },
      "tp": {
        "n_ok": 300,
        "mean_ms": 88.5253209931155,
        "p50_ms": 80.15780011191964,
        "p95_ms": 139.04185493011028,
        "p99_ms": 152.937302805949,
        "sent": 300,
        "concurrency": 16,
        "wall_s": 1.6796704998705536,
        "throughput_msgs_s": 178.60645884006414
      }
    },
    {
      "rtt": {
        "n_ok": 300,
        "mean_ms": 74.43947633495554,
        "p50_ms": 67.60349997784942,
        "p95_ms": 106.00086012855172,
        "p99_ms": 223.04236409487197,
        "sent": 300,
        "serial_rate_msgs_s": 13.43349616746696
      },
      "tp": {
        "n_ok": 300,
        "mean_ms": 74.27584800015514,
        "p50_ms": 71.7076500877738,
        "p95_ms": 95.3204749734141,
        "p99_ms": 102.23954685963656,
        "sent": 300,
        "concurrency": 16,
        "wall_s": 1.4120143000036478,
        "throughput_msgs_s": 212.46243752575663
      }
    },
    {
      "rtt": {
        "n_ok": 300,
        "mean_ms": 69.81568066248049,
        "p50_ms": 66.48389995098114,
        "p95_ms": 85.94197513302788,
        "p99_ms": 128.54250212199952,
        "sent": 300,
        "serial_rate_msgs_s": 14.323162056514304
      },
      "tp": {
        "n_ok": 300,
        "mean_ms": 73.3900996662366,
        "p50_ms": 72.10574997588992,
        "p95_ms": 99.20011993963271,
        "p99_ms": 102.0483238529414,
        "sent": 300,
        "concurrency": 16,
        "wall_s": 1.4168839000631124,
        "throughput_msgs_s": 211.73223860235626
      }
    }
  ],
  "E3_durable": [
    {
      "n_ok": 150,
      "mean_ms": 88.14565133613844,
      "p50_ms": 69.39654995221645,
      "p95_ms": 195.16272988403202,
      "p99_ms": 368.55430806754157,
      "sent": 150,
      "storage": "file"
    },
    {
      "n_ok": 150,
      "mean_ms": 122.08477266443272,
      "p50_ms": 91.13880002405494,
      "p95_ms": 307.5689150369723,
      "p99_ms": 379.86995301442164,
      "sent": 150,
      "storage": "file"
    },
    {
      "n_ok": 150,
      "mean_ms": 96.16502200408529,
      "p50_ms": 86.12959994934499,
      "p95_ms": 168.0873551056719,
      "p99_ms": 331.3914289581581,
      "sent": 150,
      "storage": "file"
    },
    {
      "n_ok": 150,
      "mean_ms": 93.60244133044034,
      "p50_ms": 83.82095000706613,
      "p95_ms": 145.22734008496627,
      "p99_ms": 265.7016939949243,
      "sent": 150,
      "storage": "file"
    },
    {
      "n_ok": 150,
      "mean_ms": 92.4216353163744,
      "p50_ms": 76.58639992587268,
      "p95_ms": 173.79190496867523,
      "p99_ms": 272.6110529759899,
      "sent": 150,
      "storage": "file"
    }
  ],
  "E3_nondurable": [
    {
      "n_ok": 150,
      "mean_ms": 102.54412398828815,
      "p50_ms": 75.55414992384613,
      "p95_ms": 228.59786998014894,
      "p99_ms": 343.5668849362989,
      "sent": 150,
      "storage": "memory"
    },
    {
      "n_ok": 150,
      "mean_ms": 103.81761933521678,
      "p50_ms": 87.0090500684455,
      "p95_ms": 191.11901993164773,
      "p99_ms": 388.48137407330756,
      "sent": 150,
      "storage": "memory"
    },
    {
      "n_ok": 150,
      "mean_ms": 91.39684600755572,
      "p50_ms": 82.22049998585135,
      "p95_ms": 139.51938996324316,
      "p99_ms": 303.1038340064695,
      "sent": 150,
      "storage": "memory"
    },
    {
      "n_ok": 150,
      "mean_ms": 101.97241133699815,
      "p50_ms": 87.01365010347217,
      "p95_ms": 196.0933550260959,
      "p99_ms": 260.0171090755611,
      "sent": 150,
      "storage": "memory"
    },
    {
      "n_ok": 150,
      "mean_ms": 104.72053200006485,
      "p50_ms": 87.97004993539304,
      "p95_ms": 209.17842994676883,
      "p99_ms": 288.8879119534976,
      "sent": 150,
      "storage": "memory"
    }
  ],
  "E5": [
    [
      {
        "n_ok": 300,
        "mean_ms": 121.51153000226866,
        "p50_ms": 100.82135000266135,
        "p95_ms": 247.7513650897891,
        "p99_ms": 358.2073950115591,
        "sent": 300,
        "concurrency": 1,
        "wall_s": 36.46721399994567,
        "throughput_msgs_s": 8.226567568349118,
        "window": 1
      },
      {
        "n_ok": 300,
        "mean_ms": 82.04971399546291,
        "p50_ms": 74.51824995223433,
        "p95_ms": 135.89203482260928,
        "p99_ms": 230.4859469551593,
        "sent": 300,
        "concurrency": 4,
        "wall_s": 6.171780899865553,
        "throughput_msgs_s": 48.60833604876272,
        "window": 4
      },
      {
        "n_ok": 300,
        "mean_ms": 75.60347367000456,
        "p50_ms": 74.30050009861588,
        "p95_ms": 95.09063495788732,
        "p99_ms": 152.78365903068334,
        "sent": 300,
        "concurrency": 8,
        "wall_s": 2.9911222998052835,
        "throughput_msgs_s": 100.2968016451649,
        "window": 8
      },
      {
        "n_ok": 300,
        "mean_ms": 74.4789873311917,
        "p50_ms": 71.22480007819831,
        "p95_ms": 89.10142001695932,
        "p99_ms": 109.33086312841624,
        "sent": 300,
        "concurrency": 16,
        "wall_s": 1.4554352001287043,
        "throughput_msgs_s": 206.12391398357752,
        "window": 16
      },
      {
        "n_ok": 300,
        "mean_ms": 81.29631267705311,
        "p50_ms": 79.77155002299696,
        "p95_ms": 96.27883499488237,
        "p99_ms": 155.34174795262516,
        "sent": 300,
        "concurrency": 32,
        "wall_s": 0.7996263999957591,
        "throughput_msgs_s": 375.1752068235754,
        "window": 32
      }
    ],
    [
      {
        "n_ok": 300,
        "mean_ms": 89.60633933078498,
        "p50_ms": 76.45484991371632,
        "p95_ms": 175.74290488846606,
        "p99_ms": 382.01623402070237,
        "sent": 300,
        "concurrency": 1,
        "wall_s": 26.892869899980724,
        "throughput_msgs_s": 11.155373194298427,
        "window": 1
      },
      {
        "n_ok": 300,
        "mean_ms": 120.1149129952925,
        "p50_ms": 79.47550003882498,
        "p95_ms": 327.06019992474467,
        "p99_ms": 561.0563171771355,
        "sent": 300,
        "concurrency": 4,
        "wall_s": 9.06566850002855,
        "throughput_msgs_s": 33.09187844217502,
        "window": 4
      },
      {
        "n_ok": 300,
        "mean_ms": 123.78268933078895,
        "p50_ms": 82.80759991612285,
        "p95_ms": 373.3327249879949,
        "p99_ms": 404.39339282689616,
        "sent": 300,