file,label,source,goodput,rho,completion_s,peak,cap
E8_aimd_r1.json,aimd,e8,0.045259213017245864,0.0,88.379795699846,2,
E8_aimd_r2.json,aimd,e8,0.04564040422763901,0.0,87.64164269994944,2,
E8_aimd_r3.json,aimd,e8,0.04516665004493114,0.0,88.56091820006259,2,
E8_naive_r1.json,naive,e8,0.04558827072049781,0.17857142857142858,87.74186730012298,3,
E8_naive_r2.json,naive,e8,0.04528659461202033,0.18518518518518517,88.32635869993828,3,
E8_naive_r3.json,naive,e8,0.04618929659889717,0.0,86.60014969995245,1,
E8_static_r1.json,static,e8,0.015358134210310384,0.0,260.44830349995755,1,
E8_static_r2.json,static,e8,0.0666599034638096,0.0,60.006087500136346,2,
E8_static_r3.json,static,e8,0.04581938512019325,0.0,87.29929460003041,2,
