file,label,source,goodput,rho,completion_s,peak,cap
E8_aimd_r1.json,aimd,e8,0.012826195482862849,0.0,311.8617680000607,2,
E8_aimd_r2.json,aimd,e8,0.01969792897940128,0.0,203.06703329994343,2,
E8_aimd_r3.json,aimd,e8,0.009165104488166766,0.0,436.43801389983855,2,
E8_naive_r1.json,naive,e8,0.011383552166273563,0.0,351.3841673999559,2,
E8_naive_r2.json,naive,e8,0.01827825461039609,0.0,218.83927570004016,2,
E8_naive_r3.json,naive,e8,0.018282226630266917,0.46153846153846156,218.79173039994203,3,
E8_static_r1.json,static,e8,0.010822300897395176,0.0,369.60716930008493,2,
E8_static_r2.json,static,e8,0.01072634944221154,0.02531645569620253,372.9134522001259,3,
E8_static_r3.json,static,e8,0.010806139121184843,0.0,370.15995770017616,2,
